exp_id,branch,benchmark,seed,budget_s,final_cost,hpwl,density,congestion,wall_clock_s,timestamp,notes
baseline,optimized_v3@1ddc37a,ibm01,42,550,0.8000,0.072,0.565,0.891,544.0,2026-04-24T21:08:23Z,
baseline,optimized_v3@1ddc37a,ibm01,43,550,0.7998,0.072,0.561,0.895,542.8,2026-04-24T21:18:58Z,
baseline,optimized_v3@1ddc37a,ibm01,44,550,0.8019,0.072,0.567,0.892,544.8,2026-04-24T21:28:01Z,
exp0_per_net_pos_leak,exp0_per_net_pos_leak@e17619d,ibm01,42,550,0.7899,0.072,0.557,0.879,550.1,2026-04-24T21:37:06Z,
exp0_per_net_pos_leak,exp0_per_net_pos_leak@e17619d,ibm01,43,550,0.7951,0.072,0.563,0.884,544.2,2026-04-24T21:46:16Z,
exp0_per_net_pos_leak,exp0_per_net_pos_leak@e17619d,ibm01,44,550,0.7961,0.072,0.563,0.885,548.1,2026-04-24T21:55:20Z,
exp14_cand_120,exp14_destroy_param@71503a2,ibm01,42,550,0.8006,0.072,0.569,0.889,545.7,2026-04-24T22:27:33Z,PLACER_ESC_HARD_CAND=120
exp6_sa_t0_0003,exp6_sa_cd@91351fd,ibm01,42,550,0.8048,0.073,0.558,0.906,548.2,2026-04-24T22:27:33Z,PLACER_SA_T0=0.0003
exp14_destroy_60,exp14_destroy_param@71503a2,ibm01,42,550,0.7966,0.072,0.567,0.882,548.3,2026-04-24T22:27:33Z,PLACER_ESC_HARD_DESTROY=60
exp6_sa_t0_0010,exp6_sa_cd@91351fd,ibm01,42,550,0.8087,0.076,0.558,0.906,548.3,2026-04-24T22:27:33Z,PLACER_SA_T0=0.001
exp14_destroy_40,exp14_destroy_param@71503a2,ibm01,42,550,0.7968,0.072,0.569,0.881,549.0,2026-04-24T22:27:33Z,PLACER_ESC_HARD_DESTROY=40
exp6_sa_t0_0001,exp6_sa_cd@91351fd,ibm01,42,550,0.7854,0.076,0.534,0.886,545.5,2026-04-24T22:31:03Z,PLACER_SA_T0=0.0001
exp6_sa_t0_0030,exp6_sa_cd@91351fd,ibm01,42,550,0.8229,0.077,0.566,0.924,546.7,2026-04-24T22:31:03Z,PLACER_SA_T0=0.003
exp14_destroy_80,exp14_destroy_param@71503a2,ibm01,42,550,0.7945,0.072,0.562,0.884,548.7,2026-04-24T22:31:03Z,PLACER_ESC_HARD_DESTROY=80
exp7_linesearch,exp7_linesearch@8323fdb,ibm01,42,550,0.7938,0.071,0.560,0.885,544.3,2026-04-24T22:31:40Z,
exp0_baseline,exp0_per_net_pos_leak@e17619d,ibm01,42,550,0.7915,0.073,0.548,0.890,545.6,2026-04-24T22:31:40Z,
r2_sa_t0_00010,master_grid@94d3104,ibm01,42,550,0.7996,0.075,0.546,0.903,551.7,2026-04-24T22:45:07Z,PLACER_SA_T0=0.0001
r2_plateau_8,master_grid@94d3104,ibm01,42,550,0.7974,0.073,0.546,0.902,551.7,2026-04-24T22:45:07Z,PLACER_PLATEAU_N=8
r2_sa_destroy60,master_grid@94d3104,ibm01,42,550,0.7973,0.075,0.549,0.894,552.0,2026-04-24T22:45:07Z,PLACER_SA_T0=0.0001|PLACER_ESC_HARD_DESTROY=60
r2_sa_t0_00007,master_grid@94d3104,ibm01,42,550,0.7917,0.076,0.546,0.886,552.1,2026-04-24T22:45:07Z,PLACER_SA_T0=0.00007
r2_sa_t0_00015,master_grid@94d3104,ibm01,42,550,0.7977,0.076,0.552,0.892,552.1,2026-04-24T22:45:07Z,PLACER_SA_T0=0.00015
r2_sa_t0_00003,master_grid@94d3104,ibm01,42,550,0.7963,0.074,0.556,0.888,552.3,2026-04-24T22:45:07Z,PLACER_SA_T0=0.00003
r2_sa_linesearch,master_grid@94d3104,ibm01,42,550,0.7991,0.075,0.550,0.898,552.3,2026-04-24T22:45:07Z,PLACER_SA_T0=0.0001|PLACER_EXP7_LINESEARCH=1
r2_control_baseline,master_grid@94d3104,ibm01,42,550,0.8002,0.073,0.549,0.905,552.5,2026-04-24T22:45:07Z,
r2_sa_t0_00005,master_grid@94d3104,ibm01,42,550,0.7916,0.076,0.541,0.890,552.5,2026-04-24T22:45:07Z,PLACER_SA_T0=0.00005
r2_sa_destroy80,master_grid@94d3104,ibm01,42,550,0.7964,0.075,0.549,0.895,552.7,2026-04-24T22:45:07Z,PLACER_SA_T0=0.0001|PLACER_ESC_HARD_DESTROY=80
r2_plateau_2,master_grid@94d3104,ibm01,42,550,0.8021,0.072,0.565,0.895,552.9,2026-04-24T22:45:07Z,PLACER_PLATEAU_N=2
r2_sa_t0_00020,master_grid@94d3104,ibm01,42,550,0.8098,0.075,0.551,0.917,552.9,2026-04-24T22:45:07Z,PLACER_SA_T0=0.0002
r3_sa5_destroy80,master_grid@94d3104,ibm01,42,550,0.7856,0.076,0.533,0.886,549.4,2026-04-24T22:55:34Z,PLACER_SA_T0=0.00005|PLACER_ESC_HARD_DESTROY=80
r3_sa5_plat8,master_grid@94d3104,ibm01,42,550,0.7901,0.074,0.551,0.881,550.1,2026-04-24T22:55:34Z,PLACER_SA_T0=0.00005|PLACER_PLATEAU_N=8
r3_sa_t0_00005,master_grid@94d3104,ibm01,43,550,0.7895,0.075,0.544,0.885,550.4,2026-04-24T22:55:34Z,PLACER_SA_T0=0.00005
r3_sa7_plat8,master_grid@94d3104,ibm01,42,550,0.7941,0.075,0.543,0.894,550.5,2026-04-24T22:55:34Z,PLACER_SA_T0=0.00007|PLACER_PLATEAU_N=8
r3_sa_t0_00007,master_grid@94d3104,ibm01,43,550,0.7886,0.075,0.544,0.883,550.9,2026-04-24T22:55:34Z,PLACER_SA_T0=0.00007
r3_sa_t0_00005,master_grid@94d3104,ibm01,44,550,0.7916,0.074,0.549,0.887,550.9,2026-04-24T22:55:34Z,PLACER_SA_T0=0.00005
r3_sa_t0_00007,master_grid@94d3104,ibm01,44,550,0.7953,0.075,0.541,0.899,551.0,2026-04-24T22:55:34Z,PLACER_SA_T0=0.00007
r3_sa_t0_00005,master_grid@94d3104,ibm01,42,550,0.7870,0.075,0.536,0.888,551.0,2026-04-24T22:55:34Z,PLACER_SA_T0=0.00005
r3_sa_t0_00007,master_grid@94d3104,ibm01,42,550,0.8004,0.075,0.551,0.900,551.3,2026-04-24T22:55:34Z,PLACER_SA_T0=0.00007
r3_sa7_destroy80,master_grid@94d3104,ibm01,42,550,0.7874,0.075,0.536,0.888,551.4,2026-04-24T22:55:34Z,PLACER_SA_T0=0.00007|PLACER_ESC_HARD_DESTROY=80
r4_sa5_d80_ibm10,master_grid@f94e656,ibm10,42,550,1.3397,0.070,0.668,1.870,466.6,2026-04-24T23:06:53Z,PLACER_SA_T0=0.00005|PLACER_ESC_HARD_DESTROY=80
r4_fast_sa5_d80,master_grid@f94e656,ibm01,44,550,0.7800,0.075,0.528,0.883,549.6,2026-04-24T23:06:53Z,PLACER_EXP_FAST_TOURNAMENT=1|PLACER_SA_T0=0.00005|PLACER_ESC_HARD_DESTROY=80
r4_sa5_destroy80,master_grid@f94e656,ibm01,42,550,0.7934,0.074,0.548,0.890,550.1,2026-04-24T23:06:53Z,PLACER_SA_T0=0.00005|PLACER_ESC_HARD_DESTROY=80
r4_fast_sa5_d80,master_grid@f94e656,ibm01,42,550,0.7854,0.074,0.538,0.884,550.7,2026-04-24T23:06:53Z,PLACER_EXP_FAST_TOURNAMENT=1|PLACER_SA_T0=0.00005|PLACER_ESC_HARD_DESTROY=80
r4_fast_sa5_d80,master_grid@f94e656,ibm01,43,550,0.7891,0.074,0.542,0.888,551.0,2026-04-24T23:06:53Z,PLACER_EXP_FAST_TOURNAMENT=1|PLACER_SA_T0=0.00005|PLACER_ESC_HARD_DESTROY=80
r4_sa5_destroy80,master_grid@f94e656,ibm01,43,550,0.7888,0.075,0.542,0.886,551.3,2026-04-24T23:06:53Z,PLACER_SA_T0=0.00005|PLACER_ESC_HARD_DESTROY=80
r4_sa5_destroy80,master_grid@f94e656,ibm01,44,550,0.7922,0.074,0.542,0.894,551.7,2026-04-24T23:06:53Z,PLACER_SA_T0=0.00005|PLACER_ESC_HARD_DESTROY=80
r4_fast_tournament,master_grid@f94e656,ibm01,43,550,0.7933,0.073,0.556,0.885,551.7,2026-04-24T23:06:53Z,PLACER_EXP_FAST_TOURNAMENT=1
r4_sa5_d80_ibm06,master_grid@f94e656,ibm06,42,550,1.1487,0.083,0.520,1.611,551.8,2026-04-24T23:06:53Z,PLACER_SA_T0=0.00005|PLACER_ESC_HARD_DESTROY=80
r4_fast_tournament,master_grid@f94e656,ibm01,42,550,0.7931,0.073,0.554,0.887,552.5,2026-04-24T23:06:53Z,PLACER_EXP_FAST_TOURNAMENT=1
maxstack_ibm01,master_grid@f94e656,ibm01,43,550,0.7870,0.075,0.536,0.889,549.4,2026-04-24T23:22:29Z,PLACER_EXP_FAST_TOURNAMENT=1|PLACER_SA_T0=0.00005|PLACER_ESC_HARD_DESTROY=80|PLACER_PLATEAU_N=8|PLACER_EXP7_LINESEARCH=1
maxstack_ibm01,master_grid@f94e656,ibm01,44,550,0.7873,0.074,0.542,0.883,550.1,2026-04-24T23:22:29Z,PLACER_EXP_FAST_TOURNAMENT=1|PLACER_SA_T0=0.00005|PLACER_ESC_HARD_DESTROY=80|PLACER_PLATEAU_N=8|PLACER_EXP7_LINESEARCH=1
maxstack_ibm01,master_grid@f94e656,ibm01,42,550,0.7860,0.075,0.535,0.887,550.4,2026-04-24T23:22:29Z,PLACER_EXP_FAST_TOURNAMENT=1|PLACER_SA_T0=0.00005|PLACER_ESC_HARD_DESTROY=80|PLACER_PLATEAU_N=8|PLACER_EXP7_LINESEARCH=1
fullstack_ibm10_b1100,master_grid@f94e656,ibm10,42,1100,1.3397,0.070,0.668,1.870,554.4,2026-04-24T23:22:29Z,PLACER_EXP_FAST_TOURNAMENT=1|PLACER_SA_T0=0.00005|PLACER_ESC_HARD_DESTROY=80
fullstack_ibm17_b1100,master_grid@f94e656,ibm17,42,1100,1.7392,0.053,0.945,2.426,629.9,2026-04-24T23:22:29Z,PLACER_EXP_FAST_TOURNAMENT=1|PLACER_SA_T0=0.00005|PLACER_ESC_HARD_DESTROY=80
fullstack_ibm01_b1100,master_grid@f94e656,ibm01,42,1100,0.7830,0.075,0.533,0.884,1100.2,2026-04-24T23:22:29Z,PLACER_EXP_FAST_TOURNAMENT=1|PLACER_SA_T0=0.00005|PLACER_ESC_HARD_DESTROY=80
fullstack_ibm01_b1100,master_grid@f94e656,ibm01,43,1100,0.7832,0.074,0.533,0.886,1101.8,2026-04-24T23:22:29Z,PLACER_EXP_FAST_TOURNAMENT=1|PLACER_SA_T0=0.00005|PLACER_ESC_HARD_DESTROY=80
fast_only_ibm01_b1100,master_grid@f94e656,ibm01,42,1100,0.7902,0.073,0.545,0.891,1105.4,2026-04-24T23:22:29Z,PLACER_EXP_FAST_TOURNAMENT=1
fullstack_ibm06_b1100,master_grid@f94e656,ibm06,42,1100,1.1053,0.079,0.515,1.538,1105.6,2026-04-24T23:22:29Z,PLACER_EXP_FAST_TOURNAMENT=1|PLACER_SA_T0=0.00005|PLACER_ESC_HARD_DESTROY=80
fullstack_ibm06_b1100,master_grid@f94e656,ibm06,43,1100,1.0953,0.079,0.519,1.514,1105.9,2026-04-24T23:22:29Z,PLACER_EXP_FAST_TOURNAMENT=1|PLACER_SA_T0=0.00005|PLACER_ESC_HARD_DESTROY=80
fast,master_grid@6144b88,ibm10,42,1100,1.3397,0.070,0.668,1.870,476.5,2026-04-24T23:45:48Z,PLACER_SA_T0=0.00005|PLACER_ESC_HARD_DESTROY=80|PLACER_EXP_FAST_TOURNAMENT=1
safe,master_grid@6144b88,ibm10,42,1100,1.3397,0.070,0.668,1.870,476.8,2026-04-24T23:45:48Z,PLACER_SA_T0=0.00005|PLACER_ESC_HARD_DESTROY=80
safe,master_grid@6144b88,ibm17,42,1100,1.7392,0.053,0.945,2.426,648.4,2026-04-24T23:45:48Z,PLACER_SA_T0=0.00005|PLACER_ESC_HARD_DESTROY=80
fast_only,master_grid@6144b88,ibm17,42,1100,1.7392,0.053,0.945,2.426,648.9,2026-04-24T23:45:48Z,PLACER_EXP_FAST_TOURNAMENT=1
fast,master_grid@6144b88,ibm17,42,1100,1.7392,0.053,0.945,2.426,650.5,2026-04-24T23:45:48Z,PLACER_SA_T0=0.00005|PLACER_ESC_HARD_DESTROY=80|PLACER_EXP_FAST_TOURNAMENT=1
safe,master_grid@6144b88,ibm01,42,1100,0.7727,0.073,0.522,0.878,1101.2,2026-04-24T23:45:48Z,PLACER_SA_T0=0.00005|PLACER_ESC_HARD_DESTROY=80
safe,master_grid@6144b88,ibm06,42,1100,1.0890,0.079,0.511,1.510,1103.3,2026-04-24T23:45:48Z,PLACER_SA_T0=0.00005|PLACER_ESC_HARD_DESTROY=80
safe,master_grid@6144b88,ibm06,43,1100,1.0943,0.080,0.516,1.512,1104.1,2026-04-24T23:45:48Z,PLACER_SA_T0=0.00005|PLACER_ESC_HARD_DESTROY=80
fast,master_grid@6144b88,ibm01,42,1100,0.7819,0.074,0.535,0.881,1107.4,2026-04-24T23:45:48Z,PLACER_SA_T0=0.00005|PLACER_ESC_HARD_DESTROY=80|PLACER_EXP_FAST_TOURNAMENT=1
fast,master_grid@6144b88,ibm06,42,1100,1.1015,0.079,0.518,1.528,1111.1,2026-04-24T23:45:48Z,PLACER_SA_T0=0.00005|PLACER_ESC_HARD_DESTROY=80|PLACER_EXP_FAST_TOURNAMENT=1
final_full,master_grid@6144b88,ibm01,42,3300,0.7803,0.073,0.538,0.877,3219.9,2026-04-25T00:40:00Z,PLACER_SA_T0=0.00005|PLACER_ESC_HARD_DESTROY=80
final_full,master_grid@6144b88,ibm04,42,3300,0.9345,0.079,0.536,1.175,3261.6,2026-04-25T00:40:00Z,PLACER_SA_T0=0.00005|PLACER_ESC_HARD_DESTROY=80
final_full,master_grid@6144b88,ibm09,42,3300,0.7785,0.060,0.549,0.888,3264.9,2026-04-25T00:40:00Z,PLACER_SA_T0=0.00005|PLACER_ESC_HARD_DESTROY=80
final_full,master_grid@6144b88,ibm07,42,3300,1.0432,0.080,0.574,1.352,3275.6,2026-04-25T00:40:00Z,PLACER_SA_T0=0.00005|PLACER_ESC_HARD_DESTROY=80
final_full,master_grid@6144b88,ibm11,42,3300,0.8191,0.066,0.528,0.978,3290.6,2026-04-25T00:40:00Z,PLACER_SA_T0=0.00005|PLACER_ESC_HARD_DESTROY=80
final_full,master_grid@6144b88,ibm03,42,3300,0.9254,0.094,0.506,1.157,3298.0,2026-04-25T00:40:00Z,PLACER_SA_T0=0.00005|PLACER_ESC_HARD_DESTROY=80
final_full,master_grid@6144b88,ibm06,42,3300,1.0755,0.078,0.543,1.452,3298.3,2026-04-25T00:40:00Z,PLACER_SA_T0=0.00005|PLACER_ESC_HARD_DESTROY=80
final_full,master_grid@6144b88,ibm08,42,3300,1.0550,0.080,0.575,1.375,3299.7,2026-04-25T00:40:00Z,PLACER_SA_T0=0.00005|PLACER_ESC_HARD_DESTROY=80
final_full,master_grid@6144b88,ibm02,42,3300,0.9737,0.079,0.601,1.187,3301.6,2026-04-25T00:40:00Z,PLACER_SA_T0=0.00005|PLACER_ESC_HARD_DESTROY=80
final_full,master_grid@6144b88,ibm10,42,3300,0.9625,0.066,0.524,1.270,3324.3,2026-04-25T00:40:00Z,PLACER_SA_T0=0.00005|PLACER_ESC_HARD_DESTROY=80
final_full,master_grid@6144b88,ibm13,42,3300,0.8906,0.064,0.559,1.095,3213.7,2026-04-25T01:35:25Z,PLACER_SA_T0=0.00005|PLACER_ESC_HARD_DESTROY=80
final_full,master_grid@6144b88,ibm18,42,3300,1.2865,0.069,0.700,1.735,3323.9,2026-04-25T01:35:25Z,PLACER_SA_T0=0.00005|PLACER_ESC_HARD_DESTROY=80
final_full,master_grid@6144b88,ibm15,42,3300,1.1029,0.072,0.591,1.471,3328.6,2026-04-25T01:35:25Z,PLACER_SA_T0=0.00005|PLACER_ESC_HARD_DESTROY=80
final_full,master_grid@6144b88,ibm12,42,3300,1.1764,0.077,0.574,1.625,3333.1,2026-04-25T01:35:25Z,PLACER_SA_T0=0.00005|PLACER_ESC_HARD_DESTROY=80
final_full,master_grid@6144b88,ibm14,42,3300,1.1337,0.062,0.610,1.534,3339.3,2026-04-25T01:35:25Z,PLACER_SA_T0=0.00005|PLACER_ESC_HARD_DESTROY=80
final_full,master_grid@6144b88,ibm16,42,3300,1.0771,0.059,0.581,1.456,3351.0,2026-04-25T01:35:25Z,PLACER_SA_T0=0.00005|PLACER_ESC_HARD_DESTROY=80
final_full,master_grid@6144b88,ibm17,42,3300,1.3012,0.067,0.611,1.858,3385.2,2026-04-25T01:35:25Z,PLACER_SA_T0=0.00005|PLACER_ESC_HARD_DESTROY=80
